Workbook

Sheet 설명
A1: 기관 수·수치 기록부 — Micro-Tom (2026-10-10)
A3: 노란 칸에 입력, 흰 칸은 수식(자동). 회색 줄은 예시 = 10/10 해체 복엽 1개(실제 기록값)이며 지우거나 덮어써도 됩니다.
A4: 개체요약: 촬영/측정일마다 개체당 1줄. 복엽 수·화방 수는 다른 시트에서 자동 집계.
A5: 복엽: 복엽 1개당 1줄(날짜별). compound_id는 C0001처럼 한번 준 번호를 계속 씀(위치·순서로 다시 매기지 않음).
A6: 소엽: 소엽 1개당 1줄. 태그 T=정소엽, P1L/P1R=기부 쪽 첫 쌍 좌/우(기부→끝 방향으로 볼 때), I1=사이 소엽.
A7: 화방: 화방 1개당 1줄(날짜별). F1부터 아래→위 순서로 번호, 한번 준 번호 유지.
A9: 랭크: 기준 촬영 때 맨 아래 잎 = 1, 위로 +1. 이후 다시 매기지 않음(떨어져도 번호 유지, 새 잎은 최대+1, 늦게 보인 아래 잎은 0, −1).
A10: 휨 타입: 엽축 기준 — 평평(끝 처짐만) / 구부러짐(중간부터 휘어 끝이 ~90° 이상 꺾임) / 중간 / 모름. 소엽 잎몸 말림은 여기 넣지 않음.
A11: 값 출처: 실측(캘리퍼) / 실측(자) / 사진 어림 / 복원 / 가정 / 없음 — 값마다 출처를 고르면 MTG 상태값과 그대로 연결됨.
A12: 단위: 길이 mm, 각도 °. 날짜 yyyy-mm-dd.
A14: 2026-10-11 결정
A15: 소엽 면적 기준 = 원래 윤곽(갈변 가장자리 포함). 소엽 잎몸 말림 기준·평평/구부러짐 경계값은 보류.

Sheet 개체요약
A1: 날짜 | B1: plant_id | C1: 초장(mm) | D1: 줄기 직경(mm) | E1: 주경 마디 수 | F1: 곁가지 수 | G1: 복엽 수(자동) | H1: 구부러진 복엽 수(자동) | I1: 화방 수(자동) | J1: 착과 수(자동) | K1: 생장점 상태 | L1: 값 출처 | M1: 메모
G2: =IF(B2="","",COUNTIFS(복엽!$A:$A,A2,복엽!$B:$B,B2)) | H2: =IF(B2="","",COUNTIFS(복엽!$A:$A,A2,복엽!$B:$B,B2,복엽!$M:$M,"구부러짐")) | I2: =IF(B2="","",COUNTIFS(화방!$A:$A,A2,화방!$B:$B,B2)) | J2: =IF(B2="","",SUMIFS(화방!$G:$G,화방!$A:$A,A2,화방!$B:$B,B2))
G3: =IF(B3="","",COUNTIFS(복엽!$A:$A,A3,복엽!$B:$B,B3)) | H3: =IF(B3="","",COUNTIFS(복엽!$A:$A,A3,복엽!$B:$B,B3,복엽!$M:$M,"구부러짐")) | I3: =IF(B3="","",COUNTIFS(화방!$A:$A,A3,화방!$B:$B,B3)) | J3: =IF(B3="","",SUMIFS(화방!$G:$G,화방!$A:$A,A3,화방!$B:$B,B3))
G4: =IF(B4="","",COUNTIFS(복엽!$A:$A,A4,복엽!$B:$B,B4)) | H4: =IF(B4="","",COUNTIFS(복엽!$A:$A,A4,복엽!$B:$B,B4,복엽!$M:$M,"구부러짐")) | I4: =IF(B4="","",COUNTIFS(화방!$A:$A,A4,화방!$B:$B,B4)) | J4: =IF(B4="","",SUMIFS(화방!$G:$G,화방!$A:$A,A4,화방!$B:$B,B4))
G5: =IF(B5="","",COUNTIFS(복엽!$A:$A,A5,복엽!$B:$B,B5)) | H5: =IF(B5="","",COUNTIFS(복엽!$A:$A,A5,복엽!$B:$B,B5,복엽!$M:$M,"구부러짐")) | I5: =IF(B5="","",COUNTIFS(화방!$A:$A,A5,화방!$B:$B,B5)) | J5: =IF(B5="","",SUMIFS(화방!$G:$G,화방!$A:$A,A5,화방!$B:$B,B5))
G6: =IF(B6="","",COUNTIFS(복엽!$A:$A,A6,복엽!$B:$B,B6)) | H6: =IF(B6="","",COUNTIFS(복엽!$A:$A,A6,복엽!$B:$B,B6,복엽!$M:$M,"구부러짐")) | I6: =IF(B6="","",COUNTIFS(화방!$A:$A,A6,화방!$B:$B,B6)) | J6: =IF(B6="","",SUMIFS(화방!$G:$G,화방!$A:$A,A6,화방!$B:$B,B6))
G7: =IF(B7="","",COUNTIFS(복엽!$A:$A,A7,복엽!$B:$B,B7)) | H7: =IF(B7="","",COUNTIFS(복엽!$A:$A,A7,복엽!$B:$B,B7,복엽!$M:$M,"구부러짐")) | I7: =IF(B7="","",COUNTIFS(화방!$A:$A,A7,화방!$B:$B,B7)) | J7: =IF(B7="","",SUMIFS(화방!$G:$G,화방!$A:$A,A7,화방!$B:$B,B7))
G8: =IF(B8="","",COUNTIFS(복엽!$A:$A,A8,복엽!$B:$B,B8)) | H8: =IF(B8="","",COUNTIFS(복엽!$A:$A,A8,복엽!$B:$B,B8,복엽!$M:$M,"구부러짐")) | I8: =IF(B8="","",COUNTIFS(화방!$A:$A,A8,화방!$B:$B,B8)) | J8: =IF(B8="","",SUMIFS(화방!$G:$G,화방!$A:$A,A8,화방!$B:$B,B8))
G9: =IF(B9="","",COUNTIFS(복엽!$A:$A,A9,복엽!$B:$B,B9)) | H9: =IF(B9="","",COUNTIFS(복엽!$A:$A,A9,복엽!$B:$B,B9,복엽!$M:$M,"구부러짐")) | I9: =IF(B9="","",COUNTIFS(화방!$A:$A,A9,화방!$B:$B,B9)) | J9: =IF(B9="","",SUMIFS(화방!$G:$G,화방!$A:$A,A9,화방!$B:$B,B9))
G10: =IF(B10="","",COUNTIFS(복엽!$A:$A,A10,복엽!$B:$B,B10)) | H10: =IF(B10="","",COUNTIFS(복엽!$A:$A,A10,복엽!$B:$B,B10,복엽!$M:$M,"구부러짐")) | I10: =IF(B10="","",COUNTIFS(화방!$A:$A,A10,화방!$B:$B,B10)) | J10: =IF(B10="","",SUMIFS(화방!$G:$G,화방!$A:$A,A10,화방!$B:$B,B10))
G11: =IF(B11="","",COUNTIFS(복엽!$A:$A,A11,복엽!$B:$B,B11)) | H11: =IF(B11="","",COUNTIFS(복엽!$A:$A,A11,복엽!$B:$B,B11,복엽!$M:$M,"구부러짐")) | I11: =IF(B11="","",COUNTIFS(화방!$A:$A,A11,화방!$B:$B,B11)) | J11: =IF(B11="","",SUMIFS(화방!$G:$G,화방!$A:$A,A11,화방!$B:$B,B11))
G12: =IF(B12="","",COUNTIFS(복엽!$A:$A,A12,복엽!$B:$B,B12)) | H12: =IF(B12="","",COUNTIFS(복엽!$A:$A,A12,복엽!$B:$B,B12,복엽!$M:$M,"구부러짐")) | I12: =IF(B12="","",COUNTIFS(화방!$A:$A,A12,화방!$B:$B,B12)) | J12: =IF(B12="","",SUMIFS(화방!$G:$G,화방!$A:$A,A12,화방!$B:$B,B12))
G13: =IF(B13="","",COUNTIFS(복엽!$A:$A,A13,복엽!$B:$B,B13)) | H13: =IF(B13="","",COUNTIFS(복엽!$A:$A,A13,복엽!$B:$B,B13,복엽!$M:$M,"구부러짐")) | I13: =IF(B13="","",COUNTIFS(화방!$A:$A,A13,화방!$B:$B,B13)) | J13: =IF(B13="","",SUMIFS(화방!$G:$G,화방!$A:$A,A13,화방!$B:$B,B13))
... G501: =IF(B501="","",COUNTIFS(복엽!$A:$A,A501,복엽!$B:$B,B501)) | H501: =IF(B501="","",COUNTIFS(복엽!$A:$A,A501,복엽!$B:$B,B501,복엽!$M:$M,"구부러짐")) | I501: =IF(B501="","",COUNTIFS(화방!$A:$A,A501,화방!$B:$B,B501)) | J501: =IF(B501="","",SUMIFS(화방!$G:$G,화방!$A:$A,A501,화방!$B:$B,B501))

Sheet 복엽
A1: 날짜 | B1: plant_id | C1: compound_id | D1: 랭크 | E1: 표시 이름 | F1: 전체 길이(mm) | G1: 길이 출처 | H1: 엽병+엽축(mm) | I1: 1차 소엽 쌍 수 | J1: 사이 소엽 수 | K1: 소소엽 수 | L1: 총 소엽 수 | M1: 휨 타입 | N1: θ(°) | O1: 갈변·손상 | P1: 메모
A2: 46305 | B2: 미기록 | C2: C0001 | D2: unavailable | E2: 해체표본 | F2: 50.71 | G2: 실측(캘리퍼) | H2: 33 | I2: 3 | J2: 2 | K2: 2 | L2: =IF(I2="","",2*I2+1+N(J2)) -> 9 | M2: 모름 | O2: 있음 | P2: 10/10 해체 표본. 전체 길이만 실측, 나머지 사진 어림(±2 mm). 떼기 전 휨 타입 미확인
L3: =IF(I3="","",2*I3+1+N(J3))
L4: =IF(I4="","",2*I4+1+N(J4))
L5: =IF(I5="","",2*I5+1+N(J5))
L6: =IF(I6="","",2*I6+1+N(J6))
L7: =IF(I7="","",2*I7+1+N(J7))
L8: =IF(I8="","",2*I8+1+N(J8))
L9: =IF(I9="","",2*I9+1+N(J9))
L10: =IF(I10="","",2*I10+1+N(J10))
L11: =IF(I11="","",2*I11+1+N(J11))
L12: =IF(I12="","",2*I12+1+N(J12))
L13: =IF(I13="","",2*I13+1+N(J13))
L14: =IF(I14="","",2*I14+1+N(J14))
... L501: =IF(I501="","",2*I501+1+N(J501))

Sheet 소엽
A1: 날짜 | B1: compound_id | C1: 태그 | D1: 길이(mm) | E1: 폭(mm) | F1: 장폭비 | G1: 소소엽 수 | H1: 상태 | I1: 면적 기준 | J1: 값 출처 | K1: 메모
A2: 46305 | B2: C0001 | C2: P1L | D2: 20 | F2: =IF(OR(D2="",E2="",E2=0),"",D2/E2) | G2: 0 | H2: 녹색 | I2: 원래 윤곽 | J2: 사진 어림 | K2: 해체 표본
A3: 46305 | B3: C0001 | C3: P1R | D3: 18 | F3: =IF(OR(D3="",E3="",E3=0),"",D3/E3) | G3: 0 | H3: 녹색 | I3: 원래 윤곽 | J3: 사진 어림 | K3: 해체 표본
A4: 46305 | B4: C0001 | C4: P2L | D4: 24 | F4: =IF(OR(D4="",E4="",E4=0),"",D4/E4) | G4: 1 | H4: 녹색 | I4: 원래 윤곽 | J4: 사진 어림 | K4: 해체 표본
A5: 46305 | B5: C0001 | C5: P2R | D5: 26 | F5: =IF(OR(D5="",E5="",E5=0),"",D5/E5) | G5: 0 | H5: 녹색 | I5: 원래 윤곽 | J5: 사진 어림 | K5: 해체 표본
A6: 46305 | B6: C0001 | C6: P3L | D6: 23 | E6: 15 | F6: =IF(OR(D6="",E6="",E6=0),"",D6/E6) -> 1.5333333 | G6: 0 | H6: 녹색 | I6: 원래 윤곽 | J6: 사진 어림 | K6: 해체 표본
A7: 46305 | B7: C0001 | C7: P3R | D7: 17 | F7: =IF(OR(D7="",E7="",E7=0),"",D7/E7) | G7: 0 | H7: 말림손상 | I7: 원래 윤곽 | J7: 사진 어림 | K7: 손상으로 수축
A8: 46305 | B8: C0001 | C8: I1 | D8: 10 | F8: =IF(OR(D8="",E8="",E8=0),"",D8/E8) | G8: 0 | H8: 녹색 | I8: 원래 윤곽 | J8: 사진 어림 | K8: 해체 표본
A9: 46305 | B9: C0001 | C9: I2 | D9: 10 | F9: =IF(OR(D9="",E9="",E9=0),"",D9/E9) | G9: 0 | H9: 녹색 | I9: 원래 윤곽 | J9: 사진 어림 | K9: 해체 표본
A10: 46305 | B10: C0001 | C10: T | D10: 23 | F10: =IF(OR(D10="",E10="",E10=0),"",D10/E10) | G10: 1 | H10: 갈변 | I10: 원래 윤곽 | J10: 사진 어림 | K10: 해체 표본
F11: =IF(OR(D11="",E11="",E11=0),"",D11/E11)
F12: =IF(OR(D12="",E12="",E12=0),"",D12/E12)
F13: =IF(OR(D13="",E13="",E13=0),"",D13/E13)
F14: =IF(OR(D14="",E14="",E14=0),"",D14/E14)
F15: =IF(OR(D15="",E15="",E15=0),"",D15/E15)
F16: =IF(OR(D16="",E16="",E16=0),"",D16/E16)
F17: =IF(OR(D17="",E17="",E17=0),"",D17/E17)
F18: =IF(OR(D18="",E18="",E18=0),"",D18/E18)
F19: =IF(OR(D19="",E19="",E19=0),"",D19/E19)
F20: =IF(OR(D20="",E20="",E20=0),"",D20/E20)
F21: =IF(OR(D21="",E21="",E21=0),"",D21/E21)
F22: =IF(OR(D22="",E22="",E22=0),"",D22/E22)
... F501: =IF(OR(D501="",E501="",E501=0),"",D501/E501)

Sheet 화방
A1: 날짜 | B1: plant_id | C1: 화방 ID | D1: 달린 위치(랭크 위) | E1: 꽃 수 | F1: 개화 수 | G1: 착과 수 | H1: 최대 과실 직경(mm) | I1: 과실 색 단계 | J1: 값 출처 | K1: 메모
